185,187,PR,75353,CURITIBA,1,53,N,1961,COLEGIO MARTINUS (PARTICULAR),"RUA PRESIDENTE CARLOS CAVALCANTI, 999",SAO FRANCISCO,80510040
185,187,PR,75353,CURITIBA,1,114,N,1244,COLEGIO ESTADUAL BOM PASTOR,R CARLOS RAZERA   445,VISTA ALEGRE,80810310
185,187,PR,75353,CURITIBA,1,146,N,1325,OPET,R NILO PECANHA  1635,BOM RETIRO,80520176
185,187,PR,75353,CURITIBA,1,202,N,1430,ESCOLA MUNICIPAL HERLEY MEHL,RUA SATURNINO ARRUDA DOS SANTOS 80,PILARZINHO,82110330
185,187,PR,75353,CURITIBA,1,205,N,1317,COLÉGIO ADVENTISTA BOM RETIRO (PARTICULAR),R LYSIMACO FERREIRA DA COSTA 980,BOM RETIRO,80530100
185,187,PR,75353,CURITIBA,1,427,N,1864,ESCOLA MUNICIPAL JULIA AMARAL DI LENNA,RUA JOAO MACHADO DE CAMARGO 25,BARREIRINHA,82700190
185,187,PR,75353,CURITIBA,1,460,N,1902,COLEGIO ESTADUAL PRIETO MARTINEZ,R NILO PECANHA  557,BOM RETIRO,80520176
185,187,PR,75353,CURITIBA,1,476,N,1929,CLUBE CONCORDIA,R PRESIDENTE CARLOS CAVALCANTI  815,SAO FRANCISCO,80510040
185,187,PR,75353,CURITIBA,1,500,N,2240,UNIVERSIDADE TUIUTI DO PARANÁ,"RUA JOSE DOMINGOS M. CARVALHO, 253",PILARZINHO,82100290
185,187,PR,75353,CURITIBA,1,529,N,2003,ESCOLA MUNICIPAL PROFESSOR RICARDO KRIEGER,"RUA MARIA GERONASSO DO ROSARIO, 346",BOA VISTA,82560540
185,187,PR,75353,CURITIBA,1,531,N,1902,COLEGIO ESTADUAL PRIETO MARTINEZ,R NILO PECANHA  557,BOM RETIRO,80520176
185,187,PR,75353,CURITIBA,1,542,N,2011,COLEGIO EXPOENTE (PARTICULAR),"RUA CARLOS DE CAMPOS, 1090",BOA VISTA,82560430
185,187,PR,75353,CURITIBA,2,62,N,1120,COLEGIO ESTADUAL LEONCIO CORREIA,R COSTA RICA   223,BACACHERI,82510180
185,187,PR,75353,CURITIBA,2,90,N,1155,FACULDADE DE ARTES DO PARANÁ,RUA DOS FUNCIONÁRIOS 1357,CABRAL,80035050
185,187,PR,75353,CURITIBA,2,96,N,1163,SOCIEDADE BENEFICENTE DUQUE DE CAXIAS,R COSTA RICA  1173,BACACHERI,82515270
185,187,PR,75353,CURITIBA,2,105,N,1180,COLÉGIO MADALENA SOFIA,"R SANTA MADALENA SOFIA BARAT, 809",BAIRRO ALTO,82820490
185,187,PR,75353,CURITIBA,2,112,N,1198,ESCOLA MUNICIPAL ARAUCARIA,R RIO IRIRI  355,BAIRRO ALTO,82840310
185,187,PR,75353,CURITIBA,2,267,N,1430,SETOR DE CIENCIAS AGRARIAS,R DOS FUNCIONARIOS 1540,JUVEVE,80035050
185,187,PR,75353,CURITIBA,2,268,N,1406,ESCOLA ESTADUAL CONSELHEIRO ZACARIAS,"R UBALDINO DO AMARAL, 311 ",ALTO DA GLORIA,80060190
185,187,PR,75353,CURITIBA,2,283,N,1414,ESCOLA ESTADUAL AMANCIO MORO,AVENIDA WASHINGTON LUIZ  620,JARDIM SOCIAL,82520000
185,187,PR,75353,CURITIBA,2,290,N,1422,CURSO DE COMUNICACOES DA UFPR,R BOM JESUS     650,JUVEVE,80035010
185,187,PR,75353,CURITIBA,2,294,N,1430,SETOR DE CIENCIAS AGRARIAS,R DOS FUNCIONARIOS 1540,JUVEVE,80035050
185,187,PR,75353,CURITIBA,2,298,N,1449,ESCOLA MUNICIPAL AUGUSTO CESAR SANDINO,R MOBRAL  413,SANTA CANDIDA,82720270
185,187,PR,75353,CURITIBA,2,336,N,1503,COLEGIO ESTADUAL CECILIA MEIRELES,RUA PEDRO ELOY DE SOUZA  1700,BAIRRO ALTO,82820130
185,187,PR,75353,CURITIBA,2,344,N,1503,COLEGIO ESTADUAL CECILIA MEIRELES,RUA PEDRO ELOY DE SOUZA  1700,BAIRRO ALTO,82820130
185,187,PR,75353,CURITIBA,2,352,N,1520,ESCOLA ESTADUAL MARIA MONTESSORI,R GUILHERME IHLENFELDT 980  VILA TINGUI,BACACHERI,82620030
185,187,PR,75353,CURITIBA,2,355,N,1520,ESCOLA ESTADUAL MARIA MONTESSORI,R GUILHERME IHLENFELDT 980  VILA TINGUI,BACACHERI,82620030
185,187,PR,75353,CURITIBA,2,357,N,1520,ESCOLA ESTADUAL MARIA MONTESSORI,R GUILHERME IHLENFELDT 980  VILA TINGUI,BACACHERI,82620030
185,187,PR,75353,CURITIBA,2,435,N,1384,ESCOLA ESTADUAL NOSSA SENHORA DA SALETE,R LANGE DE MORRETES 94,JARDIM SOCIAL,82520530
185,187,PR,75353,CURITIBA,2,458,N,1180,COLÉGIO MADALENA SOFIA,"R SANTA MADALENA SOFIA BARAT, 809",BAIRRO ALTO,82820490
185,187,PR,75353,CURITIBA,2,505,N,1899,COLEGIO ESTADUAL PROFESSOR ALGACYR MUNHOZ MAEDER,"RUA SEBASTIAO ALVES FERREIRA, 130",BAIRRO ALTO,82840160
185,187,PR,75353,CURITIBA,2,508,N,1880,ESCOLA ESTADUAL CRUZEIRO DO SUL,RUA BUDA 8,SANTA CANDIDA,82630370
185,187,PR,75353,CURITIBA,2,509,N,1198,ESCOLA MUNICIPAL ARAUCARIA,R RIO IRIRI  355,BAIRRO ALTO,82840310
185,187,PR,75353,CURITIBA,2,542,N,1805,COLÉGIO PASSIONISTA N. S. MENINA,"RUA BOM JESUS, 881 - A",CABRAL,80035010
185,187,PR,75353,CURITIBA,2,550,N,1562,COLEGIO STELLA MARIS,R ROCHA POMBO 792,JUVEVE,80530290
185,187,PR,75353,CURITIBA,3,81,N,1139,ESCOLA ESTADUAL DEPUTADO OLÍVIO BELICH,"RUA ENGENHEIRO COSTA BARROS, N. 629, VILA CAMARGO",CAJURU,82950420
185,187,PR,75353,CURITIBA,3,85,N,1147,ESCOLA MUNICIPAL PREFEITO OMAR SABBAG,"RUA PEDRO BOCCHINO, N. 140, VILAS OFICINAS",CAJURU,82940460
185,187,PR,75353,CURITIBA,3,91,N,1147,ESCOLA MUNICIPAL PREFEITO OMAR SABBAG,"RUA PEDRO BOCCHINO, N. 140, VILAS OFICINAS",CAJURU,82940460
185,187,PR,75353,CURITIBA,3,115,N,1163,COLÉGIO ESTADUAL SENHORINHA DE MORAES SARMENTO,"RUA CATULO DA PAIXÃO CEARENSE, N. 1000, CENTENÁRIO",CAJURU,82960000
185,187,PR,75353,CURITIBA,3,142,N,1198,ESCOLA MUNICIPAL PROFESSOR ENÉAS MARQUES DOS SANTOS,"RUA OSMÁRIO DE LIMA, N. 100",CAPAO DA IMBUIA,82810150
185,187,PR,75353,CURITIBA,3,146,N,1201,C.E.I. EVA DA SILVA,"RUA FREDERICO STADLER JÚNIOR, N. 1670",CAPAO DA IMBUIA,83810230
185,187,PR,75353,CURITIBA,3,159,N,1210,COLÉGIO ESTADUAL PROFESSORA MARIA AGUIAR TEIXEIRA,"AV PRESIDENTE AFFONSO CAMARGO, N. 3463",CAPAO DA IMBUIA,82800240
185,187,PR,75353,CURITIBA,3,265,N,1392,ESCOLA ESTADUAL PROFESSOR JÚLIO MESQUITA,"TRAVESSA MARIA TEODORA PAULA COSTA, N. 49",JARDIM DAS AMERICAS,81530270
185,187,PR,75353,CURITIBA,3,311,N,1473,COLÉGIO ESTADUAL CONSELHEIRO CARRÃO,"RUA DOUTOR SIMÃO KOSSUBUDSKI, N. 165",UBERABA,81580250
185,187,PR,75353,CURITIBA,3,342,N,1546,ESCOLA ESTADUAL SÃO PAULO APÓSTOLO,"RUA CORONEL JOSÉ CARVALHO DE OLIVEIRA, N. 1275",UBERABA,81570160
185,187,PR,75353,CURITIBA,3,360,N,1112,COLÉGIO ESTADUAL NATÁLIA REGINATO,"RUA GOIÂNIA,  679, VILAS OFICINAS",CAJURU,82940150
185,187,PR,75353,CURITIBA,3,440,N,1481,ESCOLA MUNICIPAL DONA LULA,"RUA ELIAS MOYSES SCHELELA, N. 570",UBERABA,81570330
185,187,PR,75353,CURITIBA,3,510,N,1562,CRECHE MUNICIPAL TRINDADE,"RUA DA TRINDADE, N. 1000, VILA TRINDADE",CAJURU,82920120
185,187,PR,75353,CURITIBA,3,524,N,1023,ESCOLA ESTADUAL REPÚBLICA ORIENTAL DO URUGUAI,"AV PRES. AFFONSO CAMARGO, N. 3407, CAPAO DA IMBUIA",CAPAO DA IMBUIA,82800240
185,187,PR,75353,CURITIBA,3,539,N,1082,ESCOLA MUNICIPAL MARUMBI,"RUA FRANCISCO LICNERSKI, S/N,  PRÓXIMO À SANEPAR DA BR 277",UBERABA,81550560
185,187,PR,75353,CURITIBA,3,548,N,1023,ESCOLA ESTADUAL REPÚBLICA ORIENTAL DO URUGUAI,"AV PRES. AFFONSO CAMARGO, N. 3407, CAPAO DA IMBUIA",CAPAO DA IMBUIA,82800240
185,187,PR,75353,CURITIBA,3,550,N,1597,C.E.I.  RITTA ANNA DE CÁSSIA,"RUA FORTALEZA, N. 1343, VILA CAMARGO",CAJURU,82920220
185,187,PR,75353,CURITIBA,3,567,N,1074,COLEGIO ESTADUAL MÁXIMO ATÍLIO ASINELLI,"RUA JÚLIO WISCHRAL, N. 650, UBERABA DE CIMA",UBERABA,81540590
185,187,PR,75353,CURITIBA,3,606,N,1457,ESCOLA ESTADUAL NOSSA SENHORA DE FÁTIMA,"RUA SUÉCIA, N. 197, PRÓXIMO AO KM 400 DA BR 116",TARUMA,82800060
185,187,PR,75353,CURITIBA,3,618,N,1163,COLÉGIO ESTADUAL SENHORINHA DE MORAES SARMENTO,"RUA CATULO DA PAIXÃO CEARENSE, N. 1000, CENTENÁRIO",CAJURU,82960000
185,187,PR,75353,CURITIBA,3,636,N,1473,COLÉGIO ESTADUAL CONSELHEIRO CARRÃO,"RUA DOUTOR SIMÃO KOSSUBUDSKI, N. 165",UBERABA,81580250
185,187,PR,75353,CURITIBA,3,652,N,1120,ESCOLA ESTADUAL PROFESSOR NILO BRANDÃO,"AV JORN. ADERBAL GAERTNER STRESSER, 748",CAJURU,82970232
185,187,PR,75353,CURITIBA,3,657,N,1228,ESCOLA MUNICIPAL GUILHERME LACERDA BRAGA SOBRINHO,"RUA SIMÃO BRANTE, N. 1735",UBERABA,81570340
185,187,PR,75353,CURITIBA,3,666,N,1643,COLÉGIO ESTADUAL ANÍBAL KHURY NETO,"RUA AVELINO MONTOVANI, N. 430",UBERABA,81590370
185,187,PR,75353,CURITIBA,4,189,N,1384,ESCOLA MUNICIPAL PROFESSORA MARIA NICOLAS,"RUA TAMOIOS, 825",VILA IZABEL,80320290
185,187,PR,75353,CURITIBA,4,190,N,1384,ESCOLA MUNICIPAL PROFESSORA MARIA NICOLAS,"RUA TAMOIOS, 825",VILA IZABEL,80320290
185,187,PR,75353,CURITIBA,4,203,N,1392,COLEGIO ESTADUAL PAULA GOMES,RUA CURUPIS  903,SANTA QUITERIA,80310200
185,187,PR,75353,CURITIBA,4,208,N,1406,ESCOLA ESTADUAL DOM ORIONE,"RUA PROFESSOR FABIO DE SOUZA, 1150",SANTA QUITERIA,80310230
185,187,PR,75353,CURITIBA,4,222,N,1961,FACULDADE PADRE JOÃO BAGOZZI (PARTICULAR),"RUA CAETANO MARCHESINI, 952",PORTAO,81070110
185,187,PR,75353,CURITIBA,4,266,N,1490,ESCOLA ESTADUAL MARECHAL CANDIDO RONDON,"RUA RICARDO NEGRAO FILHO, 287",PORTAO,81320300
185,187,PR,75353,CURITIBA,4,312,N,1554,ESCOLA MUNICIPAL SAO MIGUEL,"RUA ANTONIO REINALDO ZANON,  SN - SANTA HELENA",CIDADE INDUSTRIAL,81240310
185,187,PR,75353,CURITIBA,4,350,N,1619,ESCOLA ESTADUAL JOSE FRESSATO,"RUA NOVA LONDRINA, 30",CAMPO COMPRIDO,81290180
185,187,PR,75353,CURITIBA,4,382,N,1600,ESCOLA MUNICIPAL MORADIAS DO RIBEIRAO,"RUA JOAO DEMBINSKI, 3030",CIDADE INDUSTRIAL,81240270
185,187,PR,75353,CURITIBA,4,384,N,1600,ESCOLA MUNICIPAL MORADIAS DO RIBEIRAO,"RUA JOAO DEMBINSKI, 3030",CIDADE INDUSTRIAL,81240270
185,187,PR,75353,CURITIBA,4,404,N,1686,ESCOLA ESTADUAL SANTO ANTONIO,"R AMADEU PIOTTO, 37",ORLEANS,81280020
185,187,PR,75353,CURITIBA,4,463,N,1694,ESCOLA MUNICIPAL PROFESSOR ULISSES FALCAO VIEIRA,"RUA EDUARDO SPRADA,  5062",CAMPO COMPRIDO,81270010
185,187,PR,75353,CURITIBA,4,470,N,1570,ESCOLA MUNICIPAL HEITOR ALENCAR FURTADO,"RUA ROBERT REDZINSKI,  150",CIDADE INDUSTRIAL,81270000
185,187,PR,75353,CURITIBA,4,472,N,1660,COLEGIO ESTADUAL DOMINGOS ZANLORENZI,"R PADRE PAULO WORKOCZ, SN",ORLEANS,81280220
185,187,PR,75353,CURITIBA,4,482,N,1660,COLEGIO ESTADUAL DOMINGOS ZANLORENZI,"R PADRE PAULO WORKOCZ, SN",ORLEANS,81280220
185,187,PR,75353,CURITIBA,4,580,N,1724,COLEGIO ESTADUAL PROTASIO DE CARVALHO,"RUA CIDADE GAUCHA, 120",CIDADE INDUSTRIAL,81250250
185,187,PR,75353,CURITIBA,4,602,N,1473,ESCOLA MUNICIPAL PRESIDENTE PEDROSA,"RUA BORORÓS, 1279",VILA IZABEL,80320260
185,187,PR,75353,CURITIBA,4,603,N,1945,UNIVERSIDADE POSITIVO,"RUA PROFESSOR PEDRO VIRIATO PARIGOT DE SOUZA, 5300",CAMPO COMPRIDO,81280330
185,187,PR,75353,CURITIBA,4,605,N,1988,ESCOLA MUNICIPAL PADRE JOÃO CRUCIANI,"RUA JOSÉ GONÇALVES JUNIOR, 259",CAMPO COMPRIDO,81220210
185,187,PR,75353,CURITIBA,4,608,N,1970,ESCOLA MUNICIPAL COLONIA AUGUSTA,"RUA STANISLAU FELIBRANTE, 80",CIDADE INDUSTRIAL,81260050
185,187,PR,75353,CURITIBA,145,305,N,1546,ESCOLA MUNICIPAL MARINGA,RUA BRASILIO PERY MOREIRA    17,PINHEIRINHO,81880060
185,187,PR,75353,CURITIBA,145,319,N,1570,ESCOLA ESTADUAL PROFESSORA IZABEL LOPES SANTOS SOUZA,RUA IZAAC FERREIRA DA CRUZ    S.N.,PINHEIRINHO,81870000
185,187,PR,75353,CURITIBA,145,328,N,1589,COLEGIO ESTADUAL PROFESSOR JOAO LOYOLA,RUA MARIO GOMES CESAR   580,PINHEIRINHO,81150000
185,187,PR,75353,CURITIBA,145,339,N,1597,ESCOLA MUNICIPAL SAO MATEUS DO SUL,RUA ORESTES CODEGA 489,PINHEIRINHO,81150200
185,187,PR,75353,CURITIBA,145,346,N,1520,COLEGIO ESTADUAL LA SALLE,RUA DILERMANDO PEREIRA DE ALMEIDA  120,PINHEIRINHO,81870070
185,187,PR,75353,CURITIBA,145,431,N,1740,COLEGIO ESTADUAL SAO PEDRO APOSTOLO,"RUA PRIMEIRO DE MAIO, 1160",XAXIM,81810000
185,187,PR,75353,CURITIBA,145,454,N,1767,ESCOLA ESTADUAL PROFESSOR NARCISO MENDES,RUA NARCISO MENDES    S.N.,XAXIM,81810520
185,187,PR,75353,CURITIBA,145,489,N,1511,ESCOLA MUNICIPAL BAIRRO NOVO - CAIC,"RUA WALDOMIRO BILESKI, 71",SITIO CERCADO,81920300
185,187,PR,75353,CURITIBA,145,518,N,1511,ESCOLA MUNICIPAL BAIRRO NOVO - CAIC,"RUA WALDOMIRO BILESKI, 71",SITIO CERCADO,81920300
185,187,PR,75353,CURITIBA,145,526,N,1520,COLEGIO ESTADUAL LA SALLE,RUA DILERMANDO PEREIRA DE ALMEIDA  120,PINHEIRINHO,81870070
185,187,PR,75353,CURITIBA,145,535,N,1724,ESCOLA ESTADUAL JAYME CANET,RUA ANA APARECIDA LOPOS CANET    S.N.,XAXIM,81710210
185,187,PR,75353,CURITIBA,145,570,N,1783,C.E.I. CARLOS DRUMOND DE ANDRADE,RUA JANDAIA DO SUL   S/N VILA OSTERNACK,SITIO CERCADO,81930290
185,187,PR,75353,CURITIBA,145,616,N,1864,ESCOLA MUNICIPAL JOSE LAMARTINE C.DE O. LYRA,"R.CAROLINA DOS ANJOS, S/N",PINHEIRINHO,81150000
185,187,PR,75353,CURITIBA,145,621,N,1953,COLEGIO SENHORA DE FATIMA,RUA GABRIEL FRECEIRO DE MIRANDA 2230,XAXIM,81810480
185,187,PR,75353,CURITIBA,145,669,N,1716,ESCOLA MUNICIPAL JARDIM EUROPA,RUA HERMENEGILDO BONAT  42,XAXIM,81810280
185,187,PR,75353,CURITIBA,145,670,N,1872,COLEGIO ESTADUAL PROFESSORA IARA BERGMANN,"R.REINALDO DE CARVALHO-BOLA, 101 - OSTERNACK",SITIO CERCADO,81930350
185,187,PR,75353,CURITIBA,145,722,N,2178,COLEGIO ESTADUAL FLAVIO FERREIRA DA LUZ,JOAO CISLINSKI S/N -  BAIRRO NOVO B,SITIO CERCADO,81925189
185,187,PR,75353,CURITIBA,145,734,N,1503,ESCOLA MUNICIPAL PAULO ROGERIO GUIMARAES ESMANHOTO,RUA PEROLA DO OESTE 90 - VILA CACHOEIRA  ,SITIO CERCADO,81930250
185,187,PR,75353,CURITIBA,145,815,N,2259,ESCOLA MUNICIPAL PROFESSORA NATHÁLIA DE CONTO COSTA,EDUARDO PINTO DA ROCHA,UMBARA,80930350
185,187,PR,75353,CURITIBA,145,817,N,1791,ESCOLA MUNICIPAL PROFESSORA REJANE,RUA NOVA AURORA 1000 - VILA TECNOLOGICA,SITIO CERCADO,81925300
185,187,PR,75353,CURITIBA,174,8,N,1023,ESCOLA  MUNICIPAL LAPA,"R DIOGO MUGGIATTI,  1292",BOQUEIRAO,81730360
185,187,PR,75353,CURITIBA,174,24,N,1040,ESCOLA MUNICIPAL PROFESSOR GERMANO PARCIORNIK,"R JOAQUIM CARDOSO DA SILVEIRA,  SN",BOQUEIRAO,81730150
185,187,PR,75353,CURITIBA,174,26,N,1058,ESCOLA MUNICIPAL NOSSA SENHORA DO CARMO,"RUA CARLOS DE LAET,  4130",BOQUEIRAO,81650040
185,187,PR,75353,CURITIBA,174,54,N,1082,COLEGIO ESTADUAL PROFESSOR ELYSIO VIANA,RUA SENADOR SALGADO FILHO  1320,GUABIROTUBA,81510000
185,187,PR,75353,CURITIBA,174,62,N,1104,ESCOLA ESTADUAL  ISOLDA SCHMIT,"R ANNE FRANK, 1441",HAUER,10020000
185,187,PR,75353,CURITIBA,174,68,N,1104,ESCOLA ESTADUAL  ISOLDA SCHMIT,"R ANNE FRANK, 1441",HAUER,10020000
185,187,PR,75353,CURITIBA,174,71,N,1104,ESCOLA ESTADUAL  ISOLDA SCHMIT,"R ANNE FRANK, 1441",HAUER,10020000
185,187,PR,75353,CURITIBA,174,74,N,1112,COLEGIO ESTADUAL PROFESSOR JOSE GUIMARAES,"R PRESIDENTE PADUA FLEURY,   418",HAUER,81610150
185,187,PR,75353,CURITIBA,174,76,N,1112,COLEGIO ESTADUAL PROFESSOR JOSE GUIMARAES,"R PRESIDENTE PADUA FLEURY,   418",HAUER,81610150
185,187,PR,75353,CURITIBA,174,90,N,1139,ESCOLA MUNICIPAL PROFESSOR FRANCISCO HUBERT,RUA FRANCISCO DEROSSO   5249,ALTO BOQUEIRAO,81770000
185,187,PR,75353,CURITIBA,174,135,N,1201,ESCOLA MUNICIPAL LEONOR CASTELLANO,"RUA MAESTRO CARLOS FRANK,   2114",BOQUEIRAO,81750400
185,187,PR,75353,CURITIBA,174,154,N,1236,ESCOLA MUNICIPAL ROLANDIA,RUA DESEMBARGADOR ANTONIO DE PAULA 3451,BOQUEIRAO,81750450
185,187,PR,75353,CURITIBA,174,162,N,1252,CEEP CENTRO ESTADUAL DE EDUCAÇÃO PROFISSIONAL DE CURITIBA,R FREDERICO MAURER  3015,BOQUEIRAO,81670020
185,187,PR,75353,CURITIBA,174,229,N,1228,ESCOLA ESTADUAL POLIVALENTE DE CURITIBA,RUA SALVADOR DE FERRANTE  1664,BOQUEIRAO,81670390
185,187,PR,75353,CURITIBA,174,338,N,1732,COLÉGIO ADVENTISTA DO ALTO BOQUEIRÃO,"RUA BOM PASTOR, 606",ALTO BOQUEIRAO,81720310
185,187,PR,75353,CURITIBA,175,14,N,1031,ESCOLA MUNICIPAL ALBERT SCHWEITZER,RUA DECIO BARRETO 153-VILA NSA SRA DA LUZ,CIDADE INDUSTRIAL,81305490
185,187,PR,75353,CURITIBA,175,48,N,1104,ESCOLA MUNICIPAL CEI MONTEIRO LOBATO,R GUILHERME FUGMANN- 501 VL N SRA DA LUZ  DOS PINHAIS,CIDADE INDUSTRIAL,81305610
185,187,PR,75353,CURITIBA,175,54,N,1112,ESCOLA MUNICIPAL NOSSA SENHORA DA LUZ DOS PINHAIS,RUA DAVI XAVIER DA SILVA   841   VL N. S. DA LUZ DOS PINHAIS CIC SUL,CIDADE INDUSTRIAL,81305660
185,187,PR,75353,CURITIBA,175,76,N,1139,COLEGIO ESTADUAL JOAO MAZZAROTTO,R SANTA REGINA  664 - VILA IPIRANGA,CAPAO RASO,81110260
185,187,PR,75353,CURITIBA,175,105,N,1180,ESCOLA MUNICIPAL UMUARAMA,RUA FREI TEOFILO 730  - VILA FELIZ,CAPAO RASO,81130070
185,187,PR,75353,CURITIBA,175,133,N,1210,ESCOLA MUNICIPAL CEI PROFESSOR ANTONIO PIETRUZA,"RUA JOAO AMADEU PEDRO BOM, 135 -VILA PALMEIRA",TATUQUARA,81940080
185,187,PR,75353,CURITIBA,175,172,N,1112,ESCOLA MUNICIPAL NOSSA SENHORA DA LUZ DOS PINHAIS,RUA DAVI XAVIER DA SILVA   841   VL N. S. DA LUZ DOS PINHAIS CIC SUL,CIDADE INDUSTRIAL,81305660
185,187,PR,75353,CURITIBA,175,175,N,1155,COLÉGIO ESTADUAL EMILIO DE MENEZES,RUA JOSE ZALESKI 450 - VILA FELIZ,CAPAO RASO,81130060
185,187,PR,75353,CURITIBA,175,188,N,1295,ESCOLA MUNICIPAL SANTA ANA MESTRA,"RUA JOAO PEREIRA TRINDADE, 265 - MORADIAS JAMAICA",CAMPO DE SANTANA,81490040
185,187,PR,75353,CURITIBA,175,245,N,1287,COLÉGIO ESTADUAL ARLINDO CARVALHO DE AMORIM,"RUA DESEMBARGADOR CID CAMPELLO,  6301 - CIC SUL",CIDADE INDUSTRIAL,81170350
185,187,PR,75353,CURITIBA,175,259,N,1481,ESCOLA MUNICIPAL NEWTON BORGES DOS REIS,"RUA ADRIANA CERES ZAGO BUENO, 1350 - MORADIAS SANTA RITA - TATUQUARA",TATUQUARA,81470030
185,187,PR,75353,CURITIBA,175,268,N,1511,COLEGIO ESTADUAL EURIDES BRANDAO,"RUA JAIR COELHO, 260 - DIADEMA II",CIDADE INDUSTRIAL,81450480
185,187,PR,75353,CURITIBA,175,270,N,1449,ESCOLA MUNICIPAL DO CAIC CANDIDO PORTINARI,R.ANTONIO GEROSLAU FERREIRA S/N - CJ.DIADEMA II - CIC-SUL,CIDADE INDUSTRIAL,81450250
185,187,PR,75353,CURITIBA,175,281,N,1252,C.E.I. JORNALISTA CLAUDIO ABRAMO,"RUA OURO VERDE, 655",CAPAO RASO,81130130
185,187,PR,75353,CURITIBA,175,299,N,1511,COLEGIO ESTADUAL EURIDES BRANDAO,"RUA JAIR COELHO, 260 - DIADEMA II",CIDADE INDUSTRIAL,81450480
185,187,PR,75353,CURITIBA,175,322,N,1490,COL. EST. DES. GUILHERME DE ALBUQUERQUE MARANHAO,"RUA JOSE ANGELO MARTINS, 101 - MORADIAS DA ORDEM",TATUQUARA,81480630
185,187,PR,75353,CURITIBA,175,328,N,1279,COLEGIO ESTADUAL RODOLFO ZANINELLI,"RUA ANTÔNIA MOLINA BELLA, 610 - VILA VERDE - CIC",CIDADE INDUSTRIAL,81460157
185,187,PR,75353,CURITIBA,175,346,N,1430,ESCOLA MUNICIPAL MARGARIDA ORSO DALLAGASSA,"RUA SARGENTO FRANCISCO DA SILVA COTRIM, 100 - VILA POMPEIA - TATUQUARA",TATUQUARA,81450250
185,187,PR,75353,CURITIBA,175,356,N,1546,COLÉGIO ESTADUAL NIRLEI MEDEIROS,"RUA ANTÔNIO BERTOLDI, 409 - MORADIAS RIO BONITO - CAMPO DE SANTANA",CAMPO DE SANTANA,81990426
185,187,PR,75353,CURITIBA,175,384,N,1082,COLÉGIO ESTADUAL IVO LEAO,R NSA SRA DA CABECA 1183 -CJ VISC MAUA/CJ RONDON CIC SUL,CIDADE INDUSTRIAL,81310010
185,187,PR,75353,CURITIBA,175,389,N,1449,ESCOLA MUNICIPAL DO CAIC CANDIDO PORTINARI,R.ANTONIO GEROSLAU FERREIRA S/N - CJ.DIADEMA II - CIC-SUL,CIDADE INDUSTRIAL,81450250
185,187,PR,75353,CURITIBA,175,423,N,1503,COLEGIO ESTADUAL MORADIAS MONTEIRO LOBATO,RUA OLIVIO JOSE ROSSETI 430,TATUQUARA,81470270
185,187,PR,75353,CURITIBA,176,4,N,1015,ESCOLA ESTADUAL MANOEL RIBAS,RUA GUABIROTUBA  600,PRADO VELHO,15200000
185,187,PR,75353,CURITIBA,176,9,N,1040,PONTIFICIA UNIVERSIDADE CATOLICA,R IMACULADA CONCEICAO  1155,PRADO VELHO,15030000
185,187,PR,75353,CURITIBA,176,11,N,1040,PONTIFICIA UNIVERSIDADE CATOLICA,R IMACULADA CONCEICAO  1155,PRADO VELHO,15030000
185,187,PR,75353,CURITIBA,176,16,N,1040,PONTIFICIA UNIVERSIDADE CATOLICA,R IMACULADA CONCEICAO  1155,PRADO VELHO,15030000
185,187,PR,75353,CURITIBA,176,17,N,1040,PONTIFICIA UNIVERSIDADE CATOLICA,R IMACULADA CONCEICAO  1155,PRADO VELHO,15030000
185,187,PR,75353,CURITIBA,176,20,N,1058,ESCOLA ESTADUAL DORACY CEZARINO,RUA EUGENIO PAROLIN  588,PAROLIN,20340000
185,187,PR,75353,CURITIBA,176,45,N,1082,COLEGIO BOM JESUS,"RUA NESTOR VICTOR, 910",GUAIRA,30090000
185,187,PR,75353,CURITIBA,176,58,N,1090,COLEGIO ESTADUAL AVELINO ANTONIO VIEIRA,RUA JULIO MESQUITA 12,FAZENDINHA,30430000
185,187,PR,75353,CURITIBA,176,67,N,1104,ESCOLA MUNICIPAL GRACILIANO RAMOS,RUA ALCIR MARTINS BASTOS 560,FAZENDINHA,30400000
185,187,PR,75353,CURITIBA,176,80,N,1406,REDE MARISTA DE SOLIDARIEDADE,"RUA RAUL POMPEIA, 188",FAZENDINHA,81240000
185,187,PR,75353,CURITIBA,176,118,N,1163,ESCOLA ESTADUAL DOM ATICO EUZEBIO DA ROCHA,AVENIDA PRESIDENTE WENCESLAU BRAZ   2779,LINDOIA,80000000
185,187,PR,75353,CURITIBA,176,145,N,1210,COLEGIO ESTADUAL NUCLEO SOCIAL YVONE PIMENTEL,RUA SEBASTIAO MALUCELLI  532,NOVO MUNDO,50270000
185,187,PR,75353,CURITIBA,176,161,N,1244,ESCOLA MUNICIPAL MARIA CLARA BRANDAO TESSEROLI,RUA JOAO RIBEIRO LEMOS 361,NOVO MUNDO,20270000
185,187,PR,75353,CURITIBA,176,193,N,1252,ESCOLA MUNICIPAL PROFESSORA NAIR DE MACEDO,RUA FIORAVANTE SLAVIERO  750,NOVO MUNDO,50400000
185,187,PR,75353,CURITIBA,176,263,N,1120,ESCOLA ESTADUAL JOAO DE OLIVEIRA FRANCO,RUA PADRE MANOEL DA NOBREGA 1489,FANNY,30330000
185,187,PR,75353,CURITIBA,177,80,N,1201,ESCOLA ESTADUAL SAO BRAZ,AV VEREADOR TOALDO TULIO    2880,SAO BRAZ,82300000
185,187,PR,75353,CURITIBA,177,121,N,1325,FACULDADE CLARETIANA DE CURITIBA,"AVENIDA PRESIDENTE GETULIO VARGAS, 1193",REBOUCAS,80250000
185,187,PR,75353,CURITIBA,177,128,N,1333,ESCOLA MUNICIPAL DESEMBARGADOR MARCAL JUSTEN,RUA SANTA CATARINA  710,AGUA VERDE,80620100
185,187,PR,75353,CURITIBA,177,136,N,1350,ESCOLA ESTADUAL PROFESSOR LYSIMACO FERREIRA DA COSTA,AVENIDA IGUACU    3012,AGUA VERDE,80240031
185,187,PR,75353,CURITIBA,177,161,N,1384,ESCOLA ESTADUAL BARAO DO RIO BRANCO,RUA BRIGADEIRO FRANCO   2532,AGUA VERDE,80250030
185,187,PR,75353,CURITIBA,177,218,N,1503,ESCOLA ESTADUAL NILSON BATISTA RIBAS,RUA JAIME VEIGA 472,SEMINARIO,80310570
185,187,PR,75353,CURITIBA,177,226,N,1465,ESCOLA SANTA TEREZINHA,AVENIDA SETE DE SETEMBRO   4926,BATEL,80240000
185,187,PR,75353,CURITIBA,177,231,N,1350,ESCOLA ESTADUAL PROFESSOR LYSIMACO FERREIRA DA COSTA,AVENIDA IGUACU    3012,AGUA VERDE,80240031
185,187,PR,75353,CURITIBA,177,258,N,1309,ESCOLA ESTADUAL GUAIRA,RUA LAMENHA LINS 1962,REBOUCAS,80220080
185,187,PR,75353,CURITIBA,177,269,N,1368,COLEGIO SAGRADO CORACAO DE JESUS,AVENIDA IGUACU  1550,AGUA VERDE,80250190
185,187,PR,75353,CURITIBA,177,299,N,1538,COLEGIO MARISTA PARANAENSE,"AV BISPO DOM JOSE, 2674",SEMINARIO,80440080
185,187,PR,75353,CURITIBA,177,307,N,1554,FACULDADE CURITIBANA (SPEI - AGUA VERDE),"AV. REPUBLICA ARGENTINA, 1285",AGUA VERDE,80620010
185,187,PR,75353,CURITIBA,177,318,N,1040,ESCOLA ESTADUAL JULIA WANDERLEY,AV VICENTE MACHADO  1643,BATEL,80440020
185,187,PR,75353,CURITIBA,177,350,N,1686,CLUBE CURITIBANO (SEDE ADMINISTRATIVA),"AV. GETULIO VARGAS, 2857",AGUA VERDE,80240040
185,187,PR,75353,CURITIBA,177,390,N,1406,ESCOLA ESTADUAL JOAO TURIN,RUA ALMIRANTE GONCALVES  2800,AGUA VERDE,80250150
185,187,PR,75353,CURITIBA,178,37,N,1074,COLEGIO DECISIVO,"RUA COMENDADOR ARAUJO, 327",CENTRO,80420000
185,187,PR,75353,CURITIBA,178,50,N,1058,ESCOLA ESTADUAL DEZENOVE DE DEZEMBRO,RUA DESEMBARGADOR MOTTA   SN,CENTRO,80420190
185,187,PR,75353,CURITIBA,178,55,N,1112,COLEGIO ESTADUAL SENADOR MANOEL ALENCAR GUIMARAES,AV CANDIDO HARTMANN  1650,MERCES,80710570
185,187,PR,75353,CURITIBA,178,92,N,1031,ESCOLA MADRE ANATOLIA,RUA MARTIN AFONSO  575,MERCES,80410060
185,187,PR,75353,CURITIBA,178,115,N,1210,ESCOLA ESTADUAL ANGELO VOLPATO,RUA JOAO VALLE 23,SANTA FELICIDADE,82030210
185,187,PR,75353,CURITIBA,178,127,N,1244,ESCOLA MUNICIPAL FOZ DO IGUACU,R JOAO REFFO 1080,SANTA FELICIDADE,82410000
185,187,PR,75353,CURITIBA,178,153,N,1317,COLEGIO ESTADUAL DO PARANA,AV JOAO GUALBERTO   250,CENTRO,80030000
185,187,PR,75353,CURITIBA,178,160,N,1317,COLEGIO ESTADUAL DO PARANA,AV JOAO GUALBERTO   250,CENTRO,80030000
185,187,PR,75353,CURITIBA,178,191,N,1392,SENAC - SERVICO NACIONAL DE APRENDIZAGEM COMERCIAL,"RUA ANDRE DE BARROS, 750",CENTRO,80010080
185,187,PR,75353,CURITIBA,178,197,S,1392,SENAC - SERVICO NACIONAL DE APRENDIZAGEM COMERCIAL,"RUA ANDRE DE BARROS, 750","RUA ANDRE DE BARROS, 750",80010080
185,187,PR,75353,CURITIBA,178,220,N,1414,COLEGIO BOM JESUS,R 24 DE MAIO   135,CENTRO,80230080
185,187,PR,75353,CURITIBA,178,227,N,1430,COLEGIO SAO JOSE,LARGO ALFREDO PARODI   659,CENTRO,80010040
185,187,PR,75353,CURITIBA,178,233,N,1457,INSTITUTO DE EDUCACAO PROFESSOR ERASMO PILOTTO,R EMILIANO PERNETA 92,CENTRO,80010050
185,187,PR,75353,CURITIBA,178,281,N,1309,ESCOLA MUNICIPAL PROFESSORA SONIA MARIA COIMBRA KENSKI,RUA WANDA WOLFF1186 -CJ MONTE VERDE,SANTA FELICIDADE,82410380
185,187,PR,75353,CURITIBA,178,285,N,1333,FACULDADE DE FILOSOFIA DA UNIVERSIDADE FEDERAL DO PARANA,R GENERAL CARNEIRO   460,CENTRO,80060150
185,187,PR,75353,CURITIBA,178,286,N,1295,COLEGIO ESTADUAL PINHEIRO DO PARANA,RUA DANIEL CESARIO PEREIRA  400,SANTA FELICIDADE,82410180
185,187,PR,75353,CURITIBA,178,299,N,1201,ESCOLA IMACULADA CONCEICAO,AV MANOEL RIBAS  6318,SANTA FELICIDADE,82020000
185,187,PR,75353,CURITIBA,178,303,N,1309,ESCOLA MUNICIPAL PROFESSORA SONIA MARIA COIMBRA KENSKI,RUA WANDA WOLFF1186 -CJ MONTE VERDE,SANTA FELICIDADE,82410380
185,187,PR,75353,CURITIBA,178,318,N,1430,COLEGIO SAO JOSE,LARGO ALFREDO PARODI   659,CENTRO,80010040
185,187,PR,75353,CURITIBA,178,319,N,1090,SOCIEDADE THALIA,R COMENDADOR ARAUJO 338,CENTRO,80420000
185,187,PR,75353,CURITIBA,178,334,N,1287,ESCOLA ESTADUAL PADRE COBALCHINI,R CAETANO ALESSI   30,BUTIATUVINHA,82400290